{
  "baseline_lr": {
    "ACC": 0.7737036233456281,
    "F1": 0.5630498533724341,
    "AUC": 0.7485446238466998,
    "Sensitivity": 0.47693399574166073,
    "Specificity": 0.904375
  },
  "baseline_dt": {
    "ACC": 0.7674115860273378,
    "F1": 0.5096065873741995,
    "AUC": 0.6914753371185237,
    "Sensitivity": 0.39531582682753724,
    "Specificity": 0.93125
  }
}