{
  "baseline_lr": {
    "ACC": 0.788,
    "F1": 0.6187050359712231,
    "AUC": 0.7902280989244882,
    "Sensitivity": 0.5620915032679739,
    "Specificity": 0.8876080691642652
  },
  "baseline_dt": {
    "ACC": 0.77,
    "F1": 0.5267489711934157,
    "AUC": 0.6970955529185736,
    "Sensitivity": 0.41830065359477125,
    "Specificity": 0.9250720461095101
  }
}